{"recall_100": 0.04738230849272601, "hit_ratio_100": 0.30369222949669017, "coverage_100": 38.8788740575799, "racall_300": 0.09500612772779313, "hit_ratio_300": 0.4810184793000375, "coverage_300": 88.84089891447726, "loss": 0.10556906461715698, "ndcg10_std": 0.2514721792217998, "ndcg5_std": 0.28962400060379007, "mrr_std": 0.2770218675961296, "auc_std": 0.15749015902645555, "_timestamp": 1683468956.864229, "_runtime": 8229.399186849594, "_step": 3, "_wandb": {"runtime": 8227}}