{"recall_100": 0.04611565135617741, "hit_ratio_100": 0.29592293635714545, "coverage_100": 35.15884694976583, "racall_300": 0.0915083509967475, "hit_ratio_300": 0.46831169145498774, "coverage_300": 77.56519792334781, "loss": 0.440683513879776, "_timestamp": 1683450137.418861, "_runtime": 4278.6904900074005, "_step": 17, "_wandb": {"runtime": 4450}}